{
  "note": "Hello! If you change this file manually, please be sure to restart your changedetection.io instance!",
  "watching": {
    "3f4a47f0-b4be-40c3-8c78-ea948d71932f": {
      "body": "",
      "check_unique_lines": false,
      "check_count": 30,
      "consecutive_filter_failures": 0,
      "extract_text": [],
      "extract_title_as_title": false,
      "fetch_backend": "html_requests",
      "filter_failure_notification_send": true,
      "has_ldjson_price_data": null,
      "track_ldjson_price_data": null,
      "headers": {
        "Referer": "https://tickets.rugbyworldcup.com/fr",
        "Referrer-Policy": "strict-origin-when-cross-origin"
      },
      "ignore_text": [],
      "include_filters": [],
      "last_checked": 0,
      "last_error": false,
      "last_viewed": 0,
      "method": "GET",
      "notification_body": "",
      "notification_format": "System default",
      "notification_muted": false,
      "notification_title": "",
      "notification_screenshot": false,
      "notification_urls": [],
      "paused": true,
      "previous_md5": false,
      "previous_md5_before_filters": "079b529b1c19e02c9bd25428b0c94260",
      "proxy": null,
      "subtractive_selectors": [],
      "tag": "",
      "text_should_not_be_present": [
        "Aucun billet n'est actuellement disponible"
      ],
      "time_between_check": {
        "weeks": null,
        "days": null,
        "hours": null,
        "minutes": null,
        "seconds": null
      },
      "title": "",
      "trigger_text": [],
      "url": "https://tickets.rugbyworldcup.com/fr/revente_ecosse_tonga",
      "uuid": "3f4a47f0-b4be-40c3-8c78-ea948d71932f",
      "webdriver_delay": null,
      "webdriver_js_execute_code": "",
      "ignore_status_codes": false,
      "save_button": true,
      "fetch_time": 0.666,
      "last_notification_error": false,
      "content_type": "text/html",
      "last_check_status": 200
    },
    "ffe13d60-0cb4-4a0e-963a-fbc3b41d87ce": {
      "body": "",
      "check_unique_lines": false,
      "check_count": 29,
      "consecutive_filter_failures": 0,
      "extract_text": [],
      "extract_title_as_title": false,
      "fetch_backend": "html_requests",
      "filter_failure_notification_send": true,
      "has_ldjson_price_data": null,
      "track_ldjson_price_data": null,
      "headers": {
        "Referer": "https://tickets.rugbyworldcup.com/fr",
        "Referrer-Policy": "strict-origin-when-cross-origin"
      },
      "ignore_text": [],
      "include_filters": [],
      "last_checked": 0,
      "last_error": false,
      "last_viewed": 0,
      "method": "GET",
      "notification_body": "",
      "notification_format": "System default",
      "notification_muted": false,
      "notification_title": "",
      "notification_screenshot": false,
      "notification_urls": [],
      "paused": true,
      "previous_md5": false,
      "previous_md5_before_filters": "079b529b1c19e02c9bd25428b0c94260",
      "proxy": null,
      "subtractive_selectors": [],
      "tag": "",
      "text_should_not_be_present": [],
      "time_between_check": {
        "weeks": null,
        "days": null,
        "hours": null,
        "minutes": null,
        "seconds": null
      },
      "title": "",
      "trigger_text": [],
      "url": "https://tickets.rugbyworldcup.com/fr/revente_pays_de_galles_portugal",
      "uuid": "ffe13d60-0cb4-4a0e-963a-fbc3b41d87ce",
      "webdriver_delay": null,
      "webdriver_js_execute_code": "",
      "ignore_status_codes": false,
      "save_button": true,
      "fetch_time": 0.51,
      "last_notification_error": false,
      "content_type": "text/html",
      "last_check_status": 200
    },
    "73f38b8f-3113-4c0e-bdd3-abeb6e6a8718": {
      "body": "",
      "check_unique_lines": false,
      "check_count": 1,
      "consecutive_filter_failures": 0,
      "extract_text": [],
      "extract_title_as_title": false,
      "fetch_backend": "html_requests",
      "filter_failure_notification_send": true,
      "has_ldjson_price_data": null,
      "track_ldjson_price_data": null,
      "headers": {
        "Referer": "https://tickets.rugbyworldcup.com/fr",
        "Referrer-Policy": "strict-origin-when-cross-origin"
      },
      "ignore_text": [],
      "include_filters": [],
      "last_checked": 0,
      "last_error": false,
      "last_viewed": 0,
      "method": "GET",
      "notification_body": "",
      "notification_format": "System default",
      "notification_muted": false,
      "notification_title": "",
      "notification_screenshot": false,
      "notification_urls": [],
      "paused": true,
      "previous_md5": false,
      "previous_md5_before_filters": "079b529b1c19e02c9bd25428b0c94260",
      "proxy": null,
      "subtractive_selectors": [],
      "tag": "",
      "text_should_not_be_present": [],
      "time_between_check": {
        "weeks": null,
        "days": null,
        "hours": null,
        "minutes": null,
        "seconds": null
      },
      "title": "",
      "trigger_text": [],
      "url": "https://tickets.rugbyworldcup.com/fr/revente_france_nouvelle_zelande",
      "uuid": "73f38b8f-3113-4c0e-bdd3-abeb6e6a8718",
      "webdriver_delay": null,
      "webdriver_js_execute_code": "",
      "ignore_status_codes": false,
      "save_button": true,
      "last_notification_error": false,
      "content_type": "text/html",
      "last_check_status": 200,
      "fetch_time": 0.582
    },
    "c7234255-0a4a-4c9c-bc12-6fa62c93f4eb": {
      "body": null,
      "check_unique_lines": false,
      "check_count": 1,
      "consecutive_filter_failures": 0,
      "extract_text": [],
      "extract_title_as_title": false,
      "fetch_backend": "html_requests",
      "filter_failure_notification_send": 1,
      "has_ldjson_price_data": null,
      "track_ldjson_price_data": null,
      "headers": {
        "Referer": "https://tickets.rugbyworldcup.com/fr",
        "Referrer-Policy": "strict-origin-when-cross-origin"
      },
      "ignore_text": [],
      "include_filters": [],
      "last_checked": 0,
      "last_error": false,
      "last_viewed": 0,
      "method": "GET",
      "notification_body": null,
      "notification_format": "System default",
      "notification_muted": false,
      "notification_title": null,
      "notification_screenshot": false,
      "notification_urls": [],
      "paused": true,
      "previous_md5": false,
      "previous_md5_before_filters": "ffc77021062a589ce657fc1590993aeb",
      "proxy": null,
      "subtractive_selectors": [],
      "tag": "",
      "text_should_not_be_present": [],
      "time_between_check": {
        "weeks": null,
        "days": null,
        "hours": null,
        "minutes": null,
        "seconds": null
      },
      "title": null,
      "trigger_text": [],
      "url": "https://tickets.rugbyworldcup.com/fr/revente_finale",
      "uuid": "c7234255-0a4a-4c9c-bc12-6fa62c93f4eb",
      "webdriver_delay": null,
      "webdriver_js_execute_code": null,
      "last_notification_error": false,
      "content_type": "",
      "last_check_status": 403,
      "fetch_time": 71.636
    },
    "908084da-0a6f-4f84-a66f-f0f46c189fba": {
      "body": null,
      "check_unique_lines": false,
      "check_count": 1,
      "consecutive_filter_failures": 0,
      "extract_text": [],
      "extract_title_as_title": false,
      "fetch_backend": "html_requests",
      "filter_failure_notification_send": 1,
      "has_ldjson_price_data": null,
      "track_ldjson_price_data": null,
      "headers": {
        "Referer": "https://tickets.rugbyworldcup.com/fr",
        "Referrer-Policy": "strict-origin-when-cross-origin"
      },
      "ignore_text": [],
      "include_filters": [],
      "last_checked": 0,
      "last_error": false,
      "last_viewed": 0,
      "method": "GET",
      "notification_body": null,
      "notification_format": "System default",
      "notification_muted": false,
      "notification_title": null,
      "notification_screenshot": false,
      "notification_urls": [],
      "paused": true,
      "previous_md5": false,
      "previous_md5_before_filters": "2c07ae83e232f605313071a5bdf01d4e",
      "proxy": null,
      "subtractive_selectors": [],
      "tag": "",
      "text_should_not_be_present": [],
      "time_between_check": {
        "weeks": null,
        "days": null,
        "hours": null,
        "minutes": null,
        "seconds": null
      },
      "title": null,
      "trigger_text": [],
      "url": "https://tickets.rugbyworldcup.com/fr/revente_finale_de_bronze",
      "uuid": "908084da-0a6f-4f84-a66f-f0f46c189fba",
      "webdriver_delay": null,
      "webdriver_js_execute_code": null,
      "last_notification_error": false,
      "content_type": "",
      "last_check_status": 403,
      "fetch_time": 71.6
    },
    "5e0bf31c-a67b-45dd-a165-2236eb69736f": {
      "body": null,
      "check_unique_lines": false,
      "check_count": 1,
      "consecutive_filter_failures": 0,
      "extract_text": [],
      "extract_title_as_title": false,
      "fetch_backend": "html_requests",
      "filter_failure_notification_send": 1,
      "has_ldjson_price_data": null,
      "track_ldjson_price_data": null,
      "headers": {
        "Referer": "https://tickets.rugbyworldcup.com/fr",
        "Referrer-Policy": "strict-origin-when-cross-origin"
      },
      "ignore_text": [],
      "include_filters": [],
      "last_checked": 0,
      "last_error": false,
      "last_viewed": 0,
      "method": "GET",
      "notification_body": null,
      "notification_format": "System default",
      "notification_muted": false,
      "notification_title": null,
      "notification_screenshot": false,
      "notification_urls": [],
      "paused": true,
      "previous_md5": false,
      "previous_md5_before_filters": "a26a9b830bac4eb69d538e1f86bbb1ed",
      "proxy": null,
      "subtractive_selectors": [],
      "tag": "",
      "text_should_not_be_present": [],
      "time_between_check": {
        "weeks": null,
        "days": null,
        "hours": null,
        "minutes": null,
        "seconds": null
      },
      "title": null,
      "trigger_text": [],
      "url": "https://tickets.rugbyworldcup.com/fr/revente_demi_finale2",
      "uuid": "5e0bf31c-a67b-45dd-a165-2236eb69736f",
      "webdriver_delay": null,
      "webdriver_js_execute_code": null,
      "last_notification_error": false,
      "content_type": "",
      "last_check_status": 403,
      "fetch_time": 71.211
    },
    "3a2fb562-7ba2-4704-aff3-e1705ee40584": {
      "body": null,
      "check_unique_lines": false,
      "check_count": 1,
      "consecutive_filter_failures": 0,
      "extract_text": [],
      "extract_title_as_title": false,
      "fetch_backend": "html_requests",
      "filter_failure_notification_send": 1,
      "has_ldjson_price_data": null,
      "track_ldjson_price_data": null,
      "headers": {
        "Referer": "https://tickets.rugbyworldcup.com/fr",
        "Referrer-Policy": "strict-origin-when-cross-origin"
      },
      "ignore_text": [],
      "include_filters": [],
      "last_checked": 0,
      "last_error": false,
      "last_viewed": 0,
      "method": "GET",
      "notification_body": null,
      "notification_format": "System default",
      "notification_muted": false,
      "notification_title": null,
      "notification_screenshot": false,
      "notification_urls": [],
      "paused": true,
      "previous_md5": false,
      "previous_md5_before_filters": "f6b3ab4c485d0f1db93e9aa38ed01267",
      "proxy": null,
      "subtractive_selectors": [],
      "tag": "",
      "text_should_not_be_present": [],
      "time_between_check": {
        "weeks": null,
        "days": null,
        "hours": null,
        "minutes": null,
        "seconds": null
      },
      "title": null,
      "trigger_text": [],
      "url": "https://tickets.rugbyworldcup.com/fr/revente_demi_finale1",
      "uuid": "3a2fb562-7ba2-4704-aff3-e1705ee40584",
      "webdriver_delay": null,
      "webdriver_js_execute_code": null,
      "last_notification_error": false,
      "content_type": "",
      "last_check_status": 403,
      "fetch_time": 71.28
    },
    "f27e0ac2-9d6e-4c6b-84af-ed3dbdfb3898": {
      "body": null,
      "check_unique_lines": false,
      "check_count": 1,
      "consecutive_filter_failures": 0,
      "extract_text": [],
      "extract_title_as_title": false,
      "fetch_backend": "html_requests",
      "filter_failure_notification_send": 1,
      "has_ldjson_price_data": null,
      "track_ldjson_price_data": null,
      "headers": {
        "Referer": "https://tickets.rugbyworldcup.com/fr",
        "Referrer-Policy": "strict-origin-when-cross-origin"
      },
      "ignore_text": [],
      "include_filters": [],
      "last_checked": 0,
      "last_error": false,
      "last_viewed": 0,
      "method": "GET",
      "notification_body": null,
      "notification_format": "System default",
      "notification_muted": false,
      "notification_title": null,
      "notification_screenshot": false,
      "notification_urls": [],
      "paused": true,
      "previous_md5": false,
      "previous_md5_before_filters": "baf56b068abc94c24049cbc04a732d60",
      "proxy": null,
      "subtractive_selectors": [],
      "tag": "",
      "text_should_not_be_present": [],
      "time_between_check": {
        "weeks": null,
        "days": null,
        "hours": null,
        "minutes": null,
        "seconds": null
      },
      "title": null,
      "trigger_text": [],
      "url": "https://tickets.rugbyworldcup.com/fr/revente_quart_de_finale4",
      "uuid": "f27e0ac2-9d6e-4c6b-84af-ed3dbdfb3898",
      "webdriver_delay": null,
      "webdriver_js_execute_code": null,
      "last_notification_error": false,
      "content_type": "",
      "last_check_status": 403,
      "fetch_time": 71.197
    },
    "b6549519-9cba-4a37-b93e-cf70fb53b5c2": {
      "body": null,
      "check_unique_lines": false,
      "check_count": 1,
      "consecutive_filter_failures": 0,
      "extract_text": [],
      "extract_title_as_title": false,
      "fetch_backend": "html_requests",
      "filter_failure_notification_send": 1,
      "has_ldjson_price_data": null,
      "track_ldjson_price_data": null,
      "headers": {
        "Referer": "https://tickets.rugbyworldcup.com/fr",
        "Referrer-Policy": "strict-origin-when-cross-origin"
      },
      "ignore_text": [],
      "include_filters": [],
      "last_checked": 0,
      "last_error": false,
      "last_viewed": 0,
      "method": "GET",
      "notification_body": null,
      "notification_format": "System default",
      "notification_muted": false,
      "notification_title": null,
      "notification_screenshot": false,
      "notification_urls": [],
      "paused": true,
      "previous_md5": false,
      "previous_md5_before_filters": "6ab184b0b9b1150f686b50af60b31357",
      "proxy": null,
      "subtractive_selectors": [],
      "tag": "",
      "text_should_not_be_present": [],
      "time_between_check": {
        "weeks": null,
        "days": null,
        "hours": null,
        "minutes": null,
        "seconds": null
      },
      "title": null,
      "trigger_text": [],
      "url": "https://tickets.rugbyworldcup.com/fr/revente_quart_de_finale3",
      "uuid": "b6549519-9cba-4a37-b93e-cf70fb53b5c2",
      "webdriver_delay": null,
      "webdriver_js_execute_code": null,
      "last_notification_error": false,
      "content_type": "",
      "last_check_status": 403,
      "fetch_time": 71.583
    },
    "35c23dcc-0e16-4c75-957a-55133b318fc8": {
      "body": null,
      "check_unique_lines": false,
      "check_count": 1,
      "consecutive_filter_failures": 0,
      "extract_text": [],
      "extract_title_as_title": false,
      "fetch_backend": "html_requests",
      "filter_failure_notification_send": 1,
      "has_ldjson_price_data": null,
      "track_ldjson_price_data": null,
      "headers": {
        "Referer": "https://tickets.rugbyworldcup.com/fr",
        "Referrer-Policy": "strict-origin-when-cross-origin"
      },
      "ignore_text": [],
      "include_filters": [],
      "last_checked": 0,
      "last_error": false,
      "last_viewed": 0,
      "method": "GET",
      "notification_body": null,
      "notification_format": "System default",
      "notification_muted": false,
      "notification_title": null,
      "notification_screenshot": false,
      "notification_urls": [],
      "paused": true,
      "previous_md5": false,
      "previous_md5_before_filters": "7ffa437600333d0dedfaa9da5acc9153",
      "proxy": null,
      "subtractive_selectors": [],
      "tag": "",
      "text_should_not_be_present": [],
      "time_between_check": {
        "weeks": null,
        "days": null,
        "hours": null,
        "minutes": null,
        "seconds": null
      },
      "title": null,
      "trigger_text": [],
      "url": "https://tickets.rugbyworldcup.com/fr/revente_quart_de_finale2",
      "uuid": "35c23dcc-0e16-4c75-957a-55133b318fc8",
      "webdriver_delay": null,
      "webdriver_js_execute_code": null,
      "last_notification_error": false,
      "content_type": "",
      "last_check_status": 403,
      "fetch_time": 70.992
    },
    "1cf6c6d6-748d-4405-a7e4-08b45ce76243": {
      "body": null,
      "check_unique_lines": false,
      "check_count": 1,
      "consecutive_filter_failures": 0,
      "extract_text": [],
      "extract_title_as_title": false,
      "fetch_backend": "html_requests",
      "filter_failure_notification_send": 1,
      "has_ldjson_price_data": null,
      "track_ldjson_price_data": null,
      "headers": {
        "Referer": "https://tickets.rugbyworldcup.com/fr",
        "Referrer-Policy": "strict-origin-when-cross-origin"
      },
      "ignore_text": [],
      "include_filters": [],
      "last_checked": 0,
      "last_error": false,
      "last_viewed": 0,
      "method": "GET",
      "notification_body": null,
      "notification_format": "System default",
      "notification_muted": false,
      "notification_title": null,
      "notification_screenshot": false,
      "notification_urls": [],
      "paused": true,
      "previous_md5": false,
      "previous_md5_before_filters": "095a7643ccd255236f972b735518efa0",
      "proxy": null,
      "subtractive_selectors": [],
      "tag": "",
      "text_should_not_be_present": [],
      "time_between_check": {
        "weeks": null,
        "days": null,
        "hours": null,
        "minutes": null,
        "seconds": null
      },
      "title": null,
      "trigger_text": [],
      "url": "https://tickets.rugbyworldcup.com/fr/revente_quart_de_finale1",
      "uuid": "1cf6c6d6-748d-4405-a7e4-08b45ce76243",
      "webdriver_delay": null,
      "webdriver_js_execute_code": null,
      "last_notification_error": false,
      "content_type": "",
      "last_check_status": 403,
      "fetch_time": 71.305
    },
    "2eb48fb3-5d65-4204-8e3e-3e6cf5e66ea1": {
      "body": null,
      "check_unique_lines": false,
      "check_count": 1,
      "consecutive_filter_failures": 0,
      "extract_text": [],
      "extract_title_as_title": false,
      "fetch_backend": "html_requests",
      "filter_failure_notification_send": 1,
      "has_ldjson_price_data": null,
      "track_ldjson_price_data": null,
      "headers": {
        "Referer": "https://tickets.rugbyworldcup.com/fr",
        "Referrer-Policy": "strict-origin-when-cross-origin"
      },
      "ignore_text": [],
      "include_filters": [],
      "last_checked": 0,
      "last_error": false,
      "last_viewed": 0,
      "method": "GET",
      "notification_body": null,
      "notification_format": "System default",
      "notification_muted": false,
      "notification_title": null,
      "notification_screenshot": false,
      "notification_urls": [],
      "paused": true,
      "previous_md5": false,
      "previous_md5_before_filters": "c2c4cb959552e9b3767ee7751c3e47a4",
      "proxy": null,
      "subtractive_selectors": [],
      "tag": "",
      "text_should_not_be_present": [],
      "time_between_check": {
        "weeks": null,
        "days": null,
        "hours": null,
        "minutes": null,
        "seconds": null
      },
      "title": null,
      "trigger_text": [],
      "url": "https://tickets.rugbyworldcup.com/fr/revente_nouvelle_zelande_italie",
      "uuid": "2eb48fb3-5d65-4204-8e3e-3e6cf5e66ea1",
      "webdriver_delay": null,
      "webdriver_js_execute_code": null,
      "last_notification_error": false,
      "content_type": "",
      "last_check_status": 403,
      "fetch_time": 71.575
    },
    "0a2c1c85-b509-46b7-83dc-007a5582697e": {
      "body": null,
      "check_unique_lines": false,
      "check_count": 1,
      "consecutive_filter_failures": 0,
      "extract_text": [],
      "extract_title_as_title": false,
      "fetch_backend": "html_requests",
      "filter_failure_notification_send": 1,
      "has_ldjson_price_data": null,
      "track_ldjson_price_data": null,
      "headers": {
        "Referer": "https://tickets.rugbyworldcup.com/fr",
        "Referrer-Policy": "strict-origin-when-cross-origin"
      },
      "ignore_text": [],
      "include_filters": [],
      "last_checked": 0,
      "last_error": false,
      "last_viewed": 0,
      "method": "GET",
      "notification_body": null,
      "notification_format": "System default",
      "notification_muted": false,
      "notification_title": null,
      "notification_screenshot": false,
      "notification_urls": [],
      "paused": true,
      "previous_md5": false,
      "previous_md5_before_filters": "bd65284125fbd925f11878d591ebe1da",
      "proxy": null,
      "subtractive_selectors": [],
      "tag": "",
      "text_should_not_be_present": [],
      "time_between_check": {
        "weeks": null,
        "days": null,
        "hours": null,
        "minutes": null,
        "seconds": null
      },
      "title": null,
      "trigger_text": [],
      "url": "https://tickets.rugbyworldcup.com/fr/revente_france_uruguay",
      "uuid": "0a2c1c85-b509-46b7-83dc-007a5582697e",
      "webdriver_delay": null,
      "webdriver_js_execute_code": null,
      "last_notification_error": false,
      "content_type": "",
      "last_check_status": 403,
      "fetch_time": 71.036
    },
    "d3a01a62-8717-4732-ba84-10ed7f42ec8d": {
      "body": null,
      "check_unique_lines": false,
      "check_count": 1,
      "consecutive_filter_failures": 0,
      "extract_text": [],
      "extract_title_as_title": false,
      "fetch_backend": "html_requests",
      "filter_failure_notification_send": 1,
      "has_ldjson_price_data": null,
      "track_ldjson_price_data": null,
      "headers": {
        "Referer": "https://tickets.rugbyworldcup.com/fr",
        "Referrer-Policy": "strict-origin-when-cross-origin"
      },
      "ignore_text": [],
      "include_filters": [],
      "last_checked": 0,
      "last_error": false,
      "last_viewed": 0,
      "method": "GET",
      "notification_body": null,
      "notification_format": "System default",
      "notification_muted": false,
      "notification_title": null,
      "notification_screenshot": false,
      "notification_urls": [],
      "paused": true,
      "previous_md5": false,
      "previous_md5_before_filters": "b406ae2099d022d0de2a20204f029676",
      "proxy": null,
      "subtractive_selectors": [],
      "tag": "",
      "text_should_not_be_present": [],
      "time_between_check": {
        "weeks": null,
        "days": null,
        "hours": null,
        "minutes": null,
        "seconds": null
      },
      "title": null,
      "trigger_text": [],
      "url": "https://tickets.rugbyworldcup.com/fr/revente_france_namibie",
      "uuid": "d3a01a62-8717-4732-ba84-10ed7f42ec8d",
      "webdriver_delay": null,
      "webdriver_js_execute_code": null,
      "last_notification_error": false,
      "content_type": "",
      "last_check_status": 403,
      "fetch_time": 71.012
    },
    "9262f6dc-cb06-4d4e-9953-3ad3e3236eb1": {
      "body": null,
      "check_unique_lines": false,
      "check_count": 1,
      "consecutive_filter_failures": 0,
      "extract_text": [],
      "extract_title_as_title": false,
      "fetch_backend": "html_requests",
      "filter_failure_notification_send": 1,
      "has_ldjson_price_data": null,
      "track_ldjson_price_data": null,
      "headers": {
        "Referer": "https://tickets.rugbyworldcup.com/fr",
        "Referrer-Policy": "strict-origin-when-cross-origin"
      },
      "ignore_text": [],
      "include_filters": [],
      "last_checked": 0,
      "last_error": false,
      "last_viewed": 0,
      "method": "GET",
      "notification_body": null,
      "notification_format": "System default",
      "notification_muted": false,
      "notification_title": null,
      "notification_screenshot": false,
      "notification_urls": [],
      "paused": true,
      "previous_md5": false,
      "previous_md5_before_filters": "7d516b77f414ef7bc1f63ab26a05f62e",
      "proxy": null,
      "subtractive_selectors": [],
      "tag": "",
      "text_should_not_be_present": [],
      "time_between_check": {
        "weeks": null,
        "days": null,
        "hours": null,
        "minutes": null,
        "seconds": null
      },
      "title": null,
      "trigger_text": [],
      "url": "https://tickets.rugbyworldcup.com/fr/revente_pays_de_galles_australie",
      "uuid": "9262f6dc-cb06-4d4e-9953-3ad3e3236eb1",
      "webdriver_delay": null,
      "webdriver_js_execute_code": null,
      "last_notification_error": false,
      "content_type": "",
      "last_check_status": 403,
      "fetch_time": 71.267
    },
    "f418e252-e1da-424a-b362-5a1dc8a717a4": {
      "body": null,
      "check_unique_lines": false,
      "check_count": 1,
      "consecutive_filter_failures": 0,
      "extract_text": [],
      "extract_title_as_title": false,
      "fetch_backend": "html_requests",
      "filter_failure_notification_send": 1,
      "has_ldjson_price_data": null,
      "track_ldjson_price_data": null,
      "headers": {
        "Referer": "https://tickets.rugbyworldcup.com/fr",
        "Referrer-Policy": "strict-origin-when-cross-origin"
      },
      "ignore_text": [],
      "include_filters": [],
      "last_checked": 0,
      "last_error": false,
      "last_viewed": 0,
      "method": "GET",
      "notification_body": null,
      "notification_format": "System default",
      "notification_muted": false,
      "notification_title": null,
      "notification_screenshot": false,
      "notification_urls": [],
      "paused": true,
      "previous_md5": false,
      "previous_md5_before_filters": "c5bb233c108f625aa8abdd8973cda36c",
      "proxy": null,
      "subtractive_selectors": [],
      "tag": "",
      "text_should_not_be_present": [],
      "time_between_check": {
        "weeks": null,
        "days": null,
        "hours": null,
        "minutes": null,
        "seconds": null
      },
      "title": null,
      "trigger_text": [],
      "url": "https://tickets.rugbyworldcup.com/fr/revente_france_italie",
      "uuid": "f418e252-e1da-424a-b362-5a1dc8a717a4",
      "webdriver_delay": null,
      "webdriver_js_execute_code": null,
      "last_notification_error": false,
      "content_type": "",
      "last_check_status": 403,
      "fetch_time": 71.568
    },
    "53f7f453-faa4-4d18-a350-7169bc23a366": {
      "body": null,
      "check_unique_lines": false,
      "check_count": 1,
      "consecutive_filter_failures": 0,
      "extract_text": [],
      "extract_title_as_title": false,
      "fetch_backend": "html_requests",
      "filter_failure_notification_send": 1,
      "has_ldjson_price_data": null,
      "track_ldjson_price_data": null,
      "headers": {
        "Referer": "https://tickets.rugbyworldcup.com/fr",
        "Referrer-Policy": "strict-origin-when-cross-origin"
      },
      "ignore_text": [],
      "include_filters": [],
      "last_checked": 0,
      "last_error": false,
      "last_viewed": 0,
      "method": "GET",
      "notification_body": null,
      "notification_format": "System default",
      "notification_muted": false,
      "notification_title": null,
      "notification_screenshot": false,
      "notification_urls": [],
      "paused": true,
      "previous_md5": false,
      "previous_md5_before_filters": "f75838c5009584fd17097964b39a9cf7",
      "proxy": null,
      "subtractive_selectors": [],
      "tag": "",
      "text_should_not_be_present": [],
      "time_between_check": {
        "weeks": null,
        "days": null,
        "hours": null,
        "minutes": null,
        "seconds": null
      },
      "title": null,
      "trigger_text": [],
      "url": "https://tickets.rugbyworldcup.com/fr/revente_Irlande_ecosse",
      "uuid": "53f7f453-faa4-4d18-a350-7169bc23a366",
      "webdriver_delay": null,
      "webdriver_js_execute_code": null,
      "last_notification_error": false,
      "content_type": "",
      "last_check_status": 403,
      "fetch_time": 71.201
    },
    "331bc30a-a6c3-4057-b877-9e2dbb21fa31": {
      "body": null,
      "check_unique_lines": false,
      "check_count": 1,
      "consecutive_filter_failures": 0,
      "extract_text": [],
      "extract_title_as_title": false,
      "fetch_backend": "html_requests",
      "filter_failure_notification_send": 1,
      "has_ldjson_price_data": null,
      "track_ldjson_price_data": null,
      "headers": {
        "Referer": "https://tickets.rugbyworldcup.com/fr",
        "Referrer-Policy": "strict-origin-when-cross-origin"
      },
      "ignore_text": [],
      "include_filters": [],
      "last_checked": 0,
      "last_error": false,
      "last_viewed": 0,
      "method": "GET",
      "notification_body": null,
      "notification_format": "System default",
      "notification_muted": false,
      "notification_title": null,
      "notification_screenshot": false,
      "notification_urls": [],
      "paused": true,
      "previous_md5": false,
      "previous_md5_before_filters": "fa6e92a8c50c8434a94f45a2a3ca0f8d",
      "proxy": null,
      "subtractive_selectors": [],
      "tag": "",
      "text_should_not_be_present": [],
      "time_between_check": {
        "weeks": null,
        "days": null,
        "hours": null,
        "minutes": null,
        "seconds": null
      },
      "title": null,
      "trigger_text": [],
      "url": "https://tickets.rugbyworldcup.com/fr/revente_angleterre_japon",
      "uuid": "331bc30a-a6c3-4057-b877-9e2dbb21fa31",
      "webdriver_delay": null,
      "webdriver_js_execute_code": null,
      "last_notification_error": false,
      "content_type": "",
      "last_check_status": 403,
      "fetch_time": 71.538
    },
    "86f720e2-8e73-42cb-a462-09330d30d9be": {
      "body": null,
      "check_unique_lines": false,
      "check_count": 1,
      "consecutive_filter_failures": 0,
      "extract_text": [],
      "extract_title_as_title": false,
      "fetch_backend": "html_requests",
      "filter_failure_notification_send": 1,
      "has_ldjson_price_data": null,
      "track_ldjson_price_data": null,
      "headers": {
        "Referer": "https://tickets.rugbyworldcup.com/fr",
        "Referrer-Policy": "strict-origin-when-cross-origin"
      },
      "ignore_text": [],
      "include_filters": [],
      "last_checked": 0,
      "last_error": false,
      "last_viewed": 0,
      "method": "GET",
      "notification_body": null,
      "notification_format": "System default",
      "notification_muted": false,
      "notification_title": null,
      "notification_screenshot": false,
      "notification_urls": [],
      "paused": true,
      "previous_md5": false,
      "previous_md5_before_filters": "6134f9f16dcd31050d1f68b1ade2585d",
      "proxy": null,
      "subtractive_selectors": [],
      "tag": "",
      "text_should_not_be_present": [],
      "time_between_check": {
        "weeks": null,
        "days": null,
        "hours": null,
        "minutes": null,
        "seconds": null
      },
      "title": null,
      "trigger_text": [],
      "url": "https://tickets.rugbyworldcup.com/fr/revente_angleterre_argentine",
      "uuid": "86f720e2-8e73-42cb-a462-09330d30d9be",
      "webdriver_delay": null,
      "webdriver_js_execute_code": null,
      "last_notification_error": false,
      "content_type": "",
      "last_check_status": 403,
      "fetch_time": 71.087
    },
    "0b5ee0b5-2870-4f89-8cb0-2158e2b11cfc": {
      "body": null,
      "check_unique_lines": false,
      "check_count": 1,
      "consecutive_filter_failures": 0,
      "extract_text": [],
      "extract_title_as_title": false,
      "fetch_backend": "html_requests",
      "filter_failure_notification_send": 1,
      "has_ldjson_price_data": null,
      "track_ldjson_price_data": null,
      "headers": {
        "Referer": "https://tickets.rugbyworldcup.com/fr",
        "Referrer-Policy": "strict-origin-when-cross-origin"
      },
      "ignore_text": [],
      "include_filters": [],
      "last_checked": 0,
      "last_error": false,
      "last_viewed": 0,
      "method": "GET",
      "notification_body": null,
      "notification_format": "System default",
      "notification_muted": false,
      "notification_title": null,
      "notification_screenshot": false,
      "notification_urls": [],
      "paused": true,
      "previous_md5": false,
      "previous_md5_before_filters": "4e2956193cfea41db60f1ddf490d34e1",
      "proxy": null,
      "subtractive_selectors": [],
      "tag": "",
      "text_should_not_be_present": [],
      "time_between_check": {
        "weeks": null,
        "days": null,
        "hours": null,
        "minutes": null,
        "seconds": null
      },
      "title": null,
      "trigger_text": [],
      "url": "https://tickets.rugbyworldcup.com/fr/revente_angleterre_chili",
      "uuid": "0b5ee0b5-2870-4f89-8cb0-2158e2b11cfc",
      "webdriver_delay": null,
      "webdriver_js_execute_code": null,
      "last_notification_error": false,
      "content_type": "",
      "last_check_status": 403,
      "fetch_time": 71.466
    },
    "251fb48f-48a8-44d9-9f1b-6fea2b474274": {
      "body": null,
      "check_unique_lines": false,
      "check_count": 1,
      "consecutive_filter_failures": 0,
      "extract_text": [],
      "extract_title_as_title": false,
      "fetch_backend": "html_requests",
      "filter_failure_notification_send": 1,
      "has_ldjson_price_data": null,
      "track_ldjson_price_data": null,
      "headers": {
        "Referer": "https://tickets.rugbyworldcup.com/fr",
        "Referrer-Policy": "strict-origin-when-cross-origin"
      },
      "ignore_text": [],
      "include_filters": [],
      "last_checked": 0,
      "last_error": false,
      "last_viewed": 0,
      "method": "GET",
      "notification_body": null,
      "notification_format": "System default",
      "notification_muted": false,
      "notification_title": null,
      "notification_screenshot": false,
      "notification_urls": [],
      "paused": true,
      "previous_md5": false,
      "previous_md5_before_filters": "797d2c64572df1ce0c23944e00861696",
      "proxy": null,
      "subtractive_selectors": [],
      "tag": "",
      "text_should_not_be_present": [],
      "time_between_check": {
        "weeks": null,
        "days": null,
        "hours": null,
        "minutes": null,
        "seconds": null
      },
      "title": "ERROR: The request could not be satisfied",
      "trigger_text": [],
      "url": "https://tickets.rugbyworldcup.com/fr/revente_angleterre_samoa",
      "uuid": "251fb48f-48a8-44d9-9f1b-6fea2b474274",
      "webdriver_delay": null,
      "webdriver_js_execute_code": null,
      "last_notification_error": false,
      "content_type": "",
      "last_check_status": 403,
      "fetch_time": 71.267
    }
  },
  "settings": {
    "headers": {
      "Referer": "https://tickets.rugbyworldcup.com/fr",
      "Referrer-Policy": "strict-origin-when-cross-origin"
    },
    "requests": {
      "extra_proxies": [
        {
          "proxy_name": "",
          "proxy_url": ""
        },
        {
          "proxy_name": "",
          "proxy_url": ""
        },
        {
          "proxy_name": "",
          "proxy_url": ""
        },
        {
          "proxy_name": "",
          "proxy_url": ""
        },
        {
          "proxy_name": "",
          "proxy_url": ""
        }
      ],
      "jitter_seconds": 0,
      "proxy": null,
      "time_between_check": {
        "weeks": null,
        "days": null,
        "hours": null,
        "minutes": 5,
        "seconds": null
      },
      "timeout": 45,
      "workers": 10
    },
    "application": {
      "api_access_token_enabled": true,
      "password": false,
      "base_url": "",
      "extract_title_as_title": true,
      "empty_pages_are_a_change": false,
      "fetch_backend": "html_webdriver",
      "filter_failure_notification_threshold_attempts": 0,
      "global_ignore_text": [],
      "global_subtractive_selectors": [],
      "ignore_whitespace": true,
      "render_anchor_tag_content": false,
      "notification_urls": [
        "slack://TDHM417H9/B04T3NWALDD/5YfsYVAqgPFRzr8fPIhx9w93"
      ],
      "notification_title": "Changement pour un match - {{watch_url}}",
      "notification_body": "Go to : https://tickets.rugbyworldcup.com/fr\r\n\r\n{{watch_url}} had a change.\r\n\r\nCurrent state:\r\n\r\n{{ current_snapshot }}\t\r\n\r\n---\r\n{{diff}}\r\n---\r\n",
      "notification_format": "HTML",
      "schema_version": 10,
      "shared_diff_access": false,
      "webdriver_delay": 30,
      "rss_access_token": "a75341a0408e8545a40257c96aaf83b0",
      "api_access_token": "4f3ed27c12eb4b0c142af5c9da4d2715",
      "removepassword_button": false
    }
  },
  "build_sha": "cf363971c1a0b135804499712ee0ecccb5f98d05\n",
  "app_guid": "eb04881d-582e-4e3d-99e1-6dd2c9b2bfa6",
  "version_tag": "0.40.3"
}
